Органы судебной власти РФ и СССР\Федеральные арбитражные суды округов\Арбитражный суд Волго-Вятского округа (АС Волго-Вятского округа);Органы судебной власти РФ и СССР\Федеральные арбитражные суды округов\Федеральный арбитражный суд Волго-Вятского округа (ФАС Волго-Вятского округа)
Органы судебной власти РФ и СССР\Федеральные арбитражные суды округов\Арбитражный суд Восточно-Сибирского округа (АС Восточно-Сибирского округа);Органы судебной власти РФ и СССР\Федеральные арбитражные суды округов\Федеральный арбитражный суд Восточно-Сибирского округа (ФАС Восточно-Сибирского округа)
Органы судебной власти РФ и СССР\Федеральные арбитражные суды округов\Арбитражный суд Дальневосточного округа (АС Дальневосточного округа);Органы судебной власти РФ и СССР\Федеральные арбитражные суды округов\Федеральный арбитражный суд Дальневосточного округа (ФАС Дальневосточного округа)
Органы судебной власти РФ и СССР\Федеральные арбитражные суды округов\Арбитражный суд Западно-Сибирского округа (АС Западно-Сибирского округа);Органы судебной власти РФ и СССР\Федеральные арбитражные суды округов\Федеральный арбитражный суд Западно-Сибирского округа (ФАС Западно-Сибирского округа)
Органы судебной власти РФ и СССР\Федеральные арбитражные суды округов\Арбитражный суд Московского округа (АС Московского округа);Органы судебной власти РФ и СССР\Федеральные арбитражные суды округов\Федеральный арбитражный суд Московского округа (ФАС Московского округа)
Органы судебной власти РФ и СССР\Федеральные арбитражные суды округов\Арбитражный суд Поволжского округа (АС Поволжского округа);Органы судебной власти РФ и СССР\Федеральные арбитражные суды округов\Федеральный арбитражный суд Поволжского округа (ФАС Поволжского округа)
Органы судебной власти РФ и СССР\Федеральные арбитражные суды округов\Арбитражный суд Северо-Западного округа (АС Северо-Западного округа);Органы судебной власти РФ и СССР\Федеральные арбитражные суды округов\Федеральный арбитражный суд Северо-Западного округа (ФАС Северо-Западного округа)
Органы судебной власти РФ и СССР\Федеральные арбитражные суды округов\Арбитражный суд Северо-Кавказского округа (АС Северо-Кавказского округа);Органы судебной власти РФ и СССР\Федеральные арбитражные суды округов\Федеральный арбитражный суд Северо-Кавказского округа (ФАС Северо-Кавказского округа)
Органы судебной власти РФ и СССР\Федеральные арбитражные суды округов\Арбитражный суд Уральского округа (АС Уральского округа);Органы судебной власти РФ и СССР\Федеральные арбитражные суды округов\Федеральный арбитражный суд Уральского округа (ФАС Уральского округа)
Органы судебной власти РФ и СССР\Федеральные арбитражные суды округов\Арбитражный суд Центрального округа (АС Центрального округа);Органы судебной власти РФ и СССР\Федеральные арбитражные суды округов\Федеральный арбитражный суд Центрального округа (ФАС Центрального округа)
