ВАС РФ;Органы судебной власти РФ и СССР\Высший Арбитражный Суд России\Высший Арбитражный Суд России (ВАС РФ)
Верховный Суд РФ;Органы судебной власти РФ и СССР\Верховный Суд России\Верховный Суд России
Высший Арбитражный Суд РФ;Органы судебной власти РФ и СССР\Высший Арбитражный Суд России\Высший Арбитражный Суд России (ВАС РФ)
Органы судебной власти РФ и СССР\Высший Арбитражный Суд России (ВАС РФ);Органы судебной власти РФ и СССР\Высший Арбитражный Суд России\Высший Арбитражный Суд России (ВАС РФ)
ФАС Волго-Вятского округа;Органы судебной власти РФ и СССР\Федеральные арбитражные суды округов\Федеральный арбитражный суд Волго-Вятского округа (ФАС Волго-Вятского округа)
ФАС Восточно-Сибирского округа;Органы судебной власти РФ и СССР\Федеральные арбитражные суды округов\Федеральный арбитражный суд Восточно-Сибирского округа (ФАС Восточно-Сибирского округа)
ФАС Дальневосточного округа;Органы судебной власти РФ и СССР\Федеральные арбитражные суды округов\Федеральный арбитражный суд Дальневосточного округа (ФАС Дальневосточного округа)
ФАС Западно-Сибирского округа;Органы судебной власти РФ и СССР\Федеральные арбитражные суды округов\Федеральный арбитражный суд Западно-Сибирского округа (ФАС Западно-Сибирского округа)
ФАС Московского округа;Органы судебной власти РФ и СССР\Федеральные арбитражные суды округов\Федеральный арбитражный суд Московского округа (ФАС Московского округа)
ФАС Поволжского округа;Органы судебной власти РФ и СССР\Федеральные арбитражные суды округов\Федеральный арбитражный суд Поволжского округа (ФАС Поволжского округа)
ФАС Северо-Западного округа;Органы судебной власти РФ и СССР\Федеральные арбитражные суды округов\Федеральный арбитражный суд Северо-Западного округа (ФАС Северо-Западного округа)
ФАС Северо-Кавказского округа;Органы судебной власти РФ и СССР\Федеральные арбитражные суды округов\Федеральный арбитражный суд Северо-Кавказского округа (ФАС Северо-Кавказского округа)
ФАС Уральского округа;Органы судебной власти РФ и СССР\Федеральные арбитражные суды округов\Федеральный арбитражный суд Уральского округа (ФАС Уральского округа)
ФАС Центрального округа;Органы судебной власти РФ и СССР\Федеральные арбитражные суды округов\Федеральный арбитражный суд Центрального округа (ФАС Центрального округа)
АС Волго-Вятского округа;Органы судебной власти РФ и СССР\Федеральные арбитражные суды округов\Арбитражный суд Волго-Вятского округа (АС Волго-Вятского округа)
АС Восточно-Сибирского округа;Органы судебной власти РФ и СССР\Федеральные арбитражные суды округов\Арбитражный суд Восточно-Сибирского округа (АС Восточно-Сибирского округа)
АС Дальневосточного округа;Органы судебной власти РФ и СССР\Федеральные арбитражные суды округов\Арбитражный суд Дальневосточного округа (АС Дальневосточного округа)
АС Западно-Сибирского округа;Органы судебной власти РФ и СССР\Федеральные арбитражные суды округов\Арбитражный суд Западно-Сибирского округа (АС Западно-Сибирского округа)
АС Московского округа;Органы судебной власти РФ и СССР\Федеральные арбитражные суды округов\Арбитражный суд Московского округа (АС Московского округа)
АС Поволжского округа;Органы судебной власти РФ и СССР\Федеральные арбитражные суды округов\Арбитражный суд Поволжского округа (АС Поволжского округа)
АС Северо-Западного округа;Органы судебной власти РФ и СССР\Федеральные арбитражные суды округов\Арбитражный суд Северо-Западного округа (АС Северо-Западного округа)
АС Северо-Кавказского округа;Органы судебной власти РФ и СССР\Федеральные арбитражные суды округов\Арбитражный суд Северо-Кавказского округа (АС Северо-Кавказского округа)
АС Уральского округа;Органы судебной власти РФ и СССР\Федеральные арбитражные суды округов\Арбитражный суд Уральского округа (АС Уральского округа)
АС Центрального округа;Органы судебной власти РФ и СССР\Федеральные арбитражные суды округов\Арбитражный суд Центрального округа (АС Центрального округа)
1-й ААС;Органы судебной власти РФ и СССР\Арбитражные апелляционные суды\Первый арбитражный апелляционный суд
2-й ААС;Органы судебной власти РФ и СССР\Арбитражные апелляционные суды\Второй арбитражный апелляционный суд
3-й ААС;Органы судебной власти РФ и СССР\Арбитражные апелляционные суды\Третий арбитражный апелляционный суд
4-й ААС;Органы судебной власти РФ и СССР\Арбитражные апелляционные суды\Четвертый арбитражный апелляционный суд
5-й ААС;Органы судебной власти РФ и СССР\Арбитражные апелляционные суды\Пятый арбитражный апелляционный суд
6-й ААС;Органы судебной власти РФ и СССР\Арбитражные апелляционные суды\Шестой арбитражный апелляционный суд
7-й ААС;Органы судебной власти РФ и СССР\Арбитражные апелляционные суды\Седьмой арбитражный апелляционный суд
8-й ААС;Органы судебной власти РФ и СССР\Арбитражные апелляционные суды\Восьмой арбитражный апелляционный суд 
9-й ААС;Органы судебной власти РФ и СССР\Арбитражные апелляционные суды\Девятый арбитражный апелляционный суд
10-й ААС;Органы судебной власти РФ и СССР\Арбитражные апелляционные суды\Десятый арбитражный апелляционный суд
11-й ААС;Органы судебной власти РФ и СССР\Арбитражные апелляционные суды\Одиннадцатый арбитражный апелляционный суд
12-й ААС;Органы судебной власти РФ и СССР\Арбитражные апелляционные суды\Двенадцатый арбитражный апелляционный суд
13-й ААС;Органы судебной власти РФ и СССР\Арбитражные апелляционные суды\Тринадцатый арбитражный апелляционный суд
14-й ААС;Органы судебной власти РФ и СССР\Арбитражные апелляционные суды\Четырнадцатый арбитражный апелляционный суд
15-й ААС;Органы судебной власти РФ и СССР\Арбитражные апелляционные суды\Пятнадцатый арбитражный апелляционный суд
16-й ААС;Органы судебной власти РФ и СССР\Арбитражные апелляционные суды\Шестнадцатый арбитражный апелляционный суд    
17-й ААС;Органы судебной власти РФ и СССР\Арбитражные апелляционные суды\Семнадцатый арбитражный апелляционный суд
18-й ААС;Органы судебной власти РФ и СССР\Арбитражные апелляционные суды\Восемнадцатый арбитражный апелляционный суд
19-й ААС;Органы судебной власти РФ и СССР\Арбитражные апелляционные суды\Девятнадцатый арбитражный апелляционный суд
20-й ААС;Органы судебной власти РФ и СССР\Арбитражные апелляционные суды\Двадцатый арбитражный апелляционный суд
21-й ААС;Органы судебной власти РФ и СССР\Арбитражные апелляционные суды\Двадцать первый арбитражный апелляционный суд
АС Алтайского края;Органы судебной власти РФ и СССР\Арбитражные суды субъектов Российской Федерации\Арбитражный суд Алтайского края
АС Амурской области;Органы судебной власти РФ и СССР\Арбитражные суды субъектов Российской Федерации\Арбитражный суд Амурской области
АС Архангельской области;Органы судебной власти РФ и СССР\Арбитражные суды субъектов Российской Федерации\Арбитражный суд Архангельской области
АС Астраханской области;Органы судебной власти РФ и СССР\Арбитражные суды субъектов Российской Федерации\Арбитражный суд Астраханской области
АС Белгородской области;Органы судебной власти РФ и СССР\Арбитражные суды субъектов Российской Федерации\Арбитражный суд Белгородской области
АС Брянской области;Органы судебной власти РФ и СССР\Арбитражные суды субъектов Российской Федерации\Арбитражный суд Брянской области
АС Владимирской области;Органы судебной власти РФ и СССР\Арбитражные суды субъектов Российской Федерации\Арбитражный суд Владимирской области
АС Волгоградской области;Органы судебной власти РФ и СССР\Арбитражные суды субъектов Российской Федерации\Арбитражный суд Волгоградской области
АС Вологодской области;Органы судебной власти РФ и СССР\Арбитражные суды субъектов Российской Федерации\Арбитражный суд Вологодской области
АС Воронежской области;Органы судебной власти РФ и СССР\Арбитражные суды субъектов Российской Федерации\Арбитражный суд Воронежской области
АС города Москвы;Органы судебной власти РФ и СССР\Арбитражные суды субъектов Российской Федерации\Арбитражный суд г.Москвы
АС г. Москвы;Органы судебной власти РФ и СССР\Арбитражные суды субъектов Российской Федерации\Арбитражный суд г.Москвы
АС г.Москвы;Органы судебной власти РФ и СССР\Арбитражные суды субъектов Российской Федерации\Арбитражный суд г.Москвы
АС Забайкальского края;Органы судебной власти РФ и СССР\Арбитражные суды субъектов Российской Федерации\Арбитражный суд Забайкальского края
АС Еврейской автономной области;Органы судебной власти РФ и СССР\Арбитражные суды субъектов Российской Федерации\Арбитражный суд Еврейской автономной области
АС Еврейской АО;Органы судебной власти РФ и СССР\Арбитражные суды субъектов Российской Федерации\Арбитражный суд Еврейской автономной области
АС Ивановской области;Органы судебной власти РФ и СССР\Арбитражные суды субъектов Российской Федерации\Арбитражный суд Ивановской области
АС Иркутской области;Органы судебной власти РФ и СССР\Арбитражные суды субъектов Российской Федерации\Арбитражный суд Иркутской области
АС Кабардино-Балкарской Республики;Органы судебной власти РФ и СССР\Арбитражные суды субъектов Российской Федерации\Арбитражный суд Кабардино-Балкарской Республики
АС Калининградской области;Органы судебной власти РФ и СССР\Арбитражные суды субъектов Российской Федерации\Арбитражный суд Калининградской области
АС Калужской области;Органы судебной власти РФ и СССР\Арбитражные суды субъектов Российской Федерации\Арбитражный суд Калужской области
АС Камчатского края;Органы судебной власти РФ и СССР\Арбитражные суды субъектов Российской Федерации\Арбитражный суд Камчатского края
АС Карачаево-Черкесской Республики;Органы судебной власти РФ и СССР\Арбитражные суды субъектов Российской Федерации\Арбитражный суд Карачаево-Черкесской Республики
АС Кемеровской области;Органы судебной власти РФ и СССР\Арбитражные суды субъектов Российской Федерации\Арбитражный суд Кемеровской области
АС Кировской области;Органы судебной власти РФ и СССР\Арбитражные суды субъектов Российской Федерации\Арбитражный суд Кировской области
АС Костромской области;Органы судебной власти РФ и СССР\Арбитражные суды субъектов Российской Федерации\Арбитражный суд Костромской области
АС Краснодарского края;Органы судебной власти РФ и СССР\Арбитражные суды субъектов Российской Федерации\Арбитражный суд Краснодарского края
АС Красноярского края;Органы судебной власти РФ и СССР\Арбитражные суды субъектов Российской Федерации\Арбитражный суд Красноярского края
АС Курганской области;Органы судебной власти РФ и СССР\Арбитражные суды субъектов Российской Федерации\Арбитражный суд Курганской области
АС Курской области;Органы судебной власти РФ и СССР\Арбитражные суды субъектов Российской Федерации\Арбитражный суд Курской области
АС Липецкой области;Органы судебной власти РФ и СССР\Арбитражные суды субъектов Российской Федерации\Арбитражный суд Липецкой области
АС Магаданской области;Органы судебной власти РФ и СССР\Арбитражные суды субъектов Российской Федерации\Арбитражный суд Магаданской области
АС Московской области;Органы судебной власти РФ и СССР\Арбитражные суды субъектов Российской Федерации\Арбитражный суд Московской области
АС Мурманской области;Органы судебной власти РФ и СССР\Арбитражные суды субъектов Российской Федерации\Арбитражный суд Мурманской области
АС Нижегородской области;Органы судебной власти РФ и СССР\Арбитражные суды субъектов Российской Федерации\Арбитражный суд Нижегородской области
АС Новгородской области;Органы судебной власти РФ и СССР\Арбитражные суды субъектов Российской Федерации\Арбитражный суд Новгородской области
АС Новосибирской области;Органы судебной власти РФ и СССР\Арбитражные суды субъектов Российской Федерации\Арбитражный суд Новосибирской области
АС Омской области;Органы судебной власти РФ и СССР\Арбитражные суды субъектов Российской Федерации\Арбитражный суд Омской области
АС Оренбургской области;Органы судебной власти РФ и СССР\Арбитражные суды субъектов Российской Федерации\Арбитражный суд Оренбургской области
АС Орловской области;Органы судебной власти РФ и СССР\Арбитражные суды субъектов Российской Федерации\Арбитражный суд Орловской области
АС Пензенской области;Органы судебной власти РФ и СССР\Арбитражные суды субъектов Российской Федерации\Арбитражный суд Пензенской области
АС Пермского края;Органы судебной власти РФ и СССР\Арбитражные суды субъектов Российской Федерации\Арбитражный суд Пермского края
АС Приморского края;Органы судебной власти РФ и СССР\Арбитражные суды субъектов Российской Федерации\Арбитражный суд Приморского края
АС Псковской области;Органы судебной власти РФ и СССР\Арбитражные суды субъектов Российской Федерации\Арбитражный суд Псковской области
АС Республики Адыгея;Органы судебной власти РФ и СССР\Арбитражные суды субъектов Российской Федерации\Арбитражный суд Республики Адыгея
АС Республики Алтай;Органы судебной власти РФ и СССР\Арбитражные суды субъектов Российской Федерации\Арбитражный суд Республики Алтай
АС Республики Башкортостан;Органы судебной власти РФ и СССР\Арбитражные суды субъектов Российской Федерации\Арбитражный суд Республики Башкортостан
АС Республики Бурятия;Органы судебной власти РФ и СССР\Арбитражные суды субъектов Российской Федерации\Арбитражный суд Республики Бурятия
АС Республики Дагестан;Органы судебной власти РФ и СССР\Арбитражные суды субъектов Российской Федерации\Арбитражный суд Республики Дагестан
АС Республики Ингушетия;Органы судебной власти РФ и СССР\Арбитражные суды субъектов Российской Федерации\Арбитражный суд Республики Ингушетия
АС Республики Калмыкия;Органы судебной власти РФ и СССР\Арбитражные суды субъектов Российской Федерации\Арбитражный суд Республики Калмыкия
АС Республики Карелия;Органы судебной власти РФ и СССР\Арбитражные суды субъектов Российской Федерации\Арбитражный суд Республики Карелия
АС Республики Коми;Органы судебной власти РФ и СССР\Арбитражные суды субъектов Российской Федерации\Арбитражный суд Республики Коми
АС Республики Марий Эл;Органы судебной власти РФ и СССР\Арбитражные суды субъектов Российской Федерации\Арбитражный суд Республики Марий Эл
АС Республики Мордовия;Органы судебной власти РФ и СССР\Арбитражные суды субъектов Российской Федерации\Арбитражный суд Республики Мордовия
АС Республики Саха (Якутия);Органы судебной власти РФ и СССР\Арбитражные суды субъектов Российской Федерации\Арбитражный суд Республики Саха (Якутия)
АС Республики Саха;Органы судебной власти РФ и СССР\Арбитражные суды субъектов Российской Федерации\Арбитражный суд Республики Саха (Якутия)
АС Республики Северная Осетия-Алания;Органы судебной власти РФ и СССР\Арбитражные суды субъектов Российской Федерации\Арбитражный суд Республики Северная Осетия - Алания
АС Республики Северная Осетия;Органы судебной власти РФ и СССР\Арбитражные суды субъектов Российской Федерации\Арбитражный суд Республики Северная Осетия - Алания
АС Республики Татарстан;Органы судебной власти РФ и СССР\Арбитражные суды субъектов Российской Федерации\Арбитражный суд Республики Татарстан
АС Республики Тыва;Органы судебной власти РФ и СССР\Арбитражные суды субъектов Российской Федерации\Арбитражный суд Республики Тыва
АС Республики Хакасия;Органы судебной власти РФ и СССР\Арбитражные суды субъектов Российской Федерации\Арбитражный суд Республики Хакасия
АС Ростовской области;Органы судебной власти РФ и СССР\Арбитражные суды субъектов Российской Федерации\Арбитражный суд Ростовской области
АС Рязанской области;Органы судебной власти РФ и СССР\Арбитражные суды субъектов Российской Федерации\Арбитражный суд Рязанской области
АС Самарской области;Органы судебной власти РФ и СССР\Арбитражные суды субъектов Российской Федерации\Арбитражный суд Самарской области
АС Санкт-Петербурга и Ленинградской области;Органы судебной власти РФ и СССР\Арбитражные суды субъектов Российской Федерации\Арбитражный суд г.Санкт-Петербурга и Ленинградской области
АС города Санкт-Петербурга и Ленинградской области;Органы судебной власти РФ и СССР\Арбитражные суды субъектов Российской Федерации\Арбитражный суд г.Санкт-Петербурга и Ленинградской области
АС г. Санкт-Петербурга и Ленинградской области;Органы судебной власти РФ и СССР\Арбитражные суды субъектов Российской Федерации\Арбитражный суд г.Санкт-Петербурга и Ленинградской области
АС г.Санкт-Петербурга и Ленинградской области;Органы судебной власти РФ и СССР\Арбитражные суды субъектов Российской Федерации\Арбитражный суд г.Санкт-Петербурга и Ленинградской области
АС Саратовской области;Органы судебной власти РФ и СССР\Арбитражные суды субъектов Российской Федерации\Арбитражный суд Саратовской области
АС Сахалинской области;Органы судебной власти РФ и СССР\Арбитражные суды субъектов Российской Федерации\Арбитражный суд Сахалинской области
АС Свердловской области;Органы судебной власти РФ и СССР\Арбитражные суды субъектов Российской Федерации\Арбитражный суд Свердловской области
АС Смоленской области;Органы судебной власти РФ и СССР\Арбитражные суды субъектов Российской Федерации\Арбитражный суд Смоленской области
АС Ставропольского края;Органы судебной власти РФ и СССР\Арбитражные суды субъектов Российской Федерации\Арбитражный суд Ставропольского края
АС Тамбовской области;Органы судебной власти РФ и СССР\Арбитражные суды субъектов Российской Федерации\Арбитражный суд Тамбовской области
АС Тверской области;Органы судебной власти РФ и СССР\Арбитражные суды субъектов Российской Федерации\Арбитражный суд Тверской области
АС Томской области;Органы судебной власти РФ и СССР\Арбитражные суды субъектов Российской Федерации\Арбитражный суд Томской области
АС Тульской области;Органы судебной власти РФ и СССР\Арбитражные суды субъектов Российской Федерации\Арбитражный суд Тульской области
АС Тюменской области;Органы судебной власти РФ и СССР\Арбитражные суды субъектов Российской Федерации\Арбитражный суд Тюменской области
АС Удмуртской Республики;Органы судебной власти РФ и СССР\Арбитражные суды субъектов Российской Федерации\Арбитражный суд Удмуртской Республики
АС Ульяновской области;Органы судебной власти РФ и СССР\Арбитражные суды субъектов Российской Федерации\Арбитражный суд Ульяновской области
АС Хабаровского края;Органы судебной власти РФ и СССР\Арбитражные суды субъектов Российской Федерации\Арбитражный суд Хабаровского края
АС Ханты-Мансийского автономного округа - Югры;Органы судебной власти РФ и СССР\Арбитражные суды субъектов Российской Федерации\Арбитражный суд Ханты-Мансийского автономного округа - Югры
АС Ханты-Мансийского автономного округа;Органы судебной власти РФ и СССР\Арбитражные суды субъектов Российской Федерации\Арбитражный суд Ханты-Мансийского автономного округа - Югры
АС Ханты-Мансийского АО;Органы судебной власти РФ и СССР\Арбитражные суды субъектов Российской Федерации\Арбитражный суд Ханты-Мансийского автономного округа - Югры
АС Челябинской области;Органы судебной власти РФ и СССР\Арбитражные суды субъектов Российской Федерации\Арбитражный суд Челябинской области
АС Чеченской Республики;Органы судебной власти РФ и СССР\Арбитражные суды субъектов Российской Федерации\Арбитражный суд Чеченской Республики
АС Читинской области;Органы судебной власти РФ и СССР\Арбитражные суды субъектов Российской Федерации\Арбитражный суд Читинской области
АС Чувашской Республики - Чувашии;Органы судебной власти РФ и СССР\Арбитражные суды субъектов Российской Федерации\Арбитражный суд Чувашской Республики - Чувашии
АС Чувашской Республики;Органы судебной власти РФ и СССР\Арбитражные суды субъектов Российской Федерации\Арбитражный суд Чувашской Республики - Чувашии
АС Чувашии;Органы судебной власти РФ и СССР\Арбитражные суды субъектов Российской Федерации\Арбитражный суд Чувашской Республики - Чувашии
АС Чукотского автономного округа;Органы судебной власти РФ и СССР\Арбитражные суды субъектов Российской Федерации\Арбитражный суд Чукотского автономного округа
АС Чукотского АО;Органы судебной власти РФ и СССР\Арбитражные суды субъектов Российской Федерации\Арбитражный суд Чукотского автономного округа
АС Ямало-Ненецкого автономного округа;Органы судебной власти РФ и СССР\Арбитражные суды субъектов Российской Федерации\Арбитражный суд Ямало-Ненецкого автономного округа
АС Ямало-Ненецкого АО;Органы судебной власти РФ и СССР\Арбитражные суды субъектов Российской Федерации\Арбитражный суд Ямало-Ненецкого автономного округа
АС Ярославской области;Органы судебной власти РФ и СССР\Арбитражные суды субъектов Российской Федерации\Арбитражный суд Ярославской области
ПСП Арбитражного суда Пермского края;Органы судебной власти РФ и СССР\Арбитражные суды субъектов Российской Федерации\ПСП Арбитражного суда Пермского края в г.Кудымкаре
ПСП Арбитражного суда Пермского края в г. Кудымкаре;Органы судебной власти РФ и СССР\Арбитражные суды субъектов Российской Федерации\ПСП Арбитражного суда Пермского края в г.Кудымкаре
ПСП АС Пермского края в г. Кудымкаре;Органы судебной власти РФ и СССР\Арбитражные суды субъектов Российской Федерации\ПСП Арбитражного суда Пермского края в г.Кудымкаре
ПСП Арбитражного суда Пермского края в городе Кудымкаре;Органы судебной власти РФ и СССР\Арбитражные суды субъектов Российской Федерации\ПСП Арбитражного суда Пермского края в г.Кудымкаре
ПСП Арбитражного суда Пермского края в г.Кудымкаре;Органы судебной власти РФ и СССР\Арбитражные суды субъектов Российской Федерации\ПСП Арбитражного суда Пермского края в г.Кудымкаре
ПСП АС Пермского края в г.Кудымкаре;Органы судебной власти РФ и СССР\Арбитражные суды субъектов Российской Федерации\ПСП Арбитражного суда Пермского края в г.Кудымкаре
ПСП АС Пермского края в городе Кудымкаре;Органы судебной власти РФ и СССР\Арбитражные суды субъектов Российской Федерации\ПСП Арбитражного суда Пермского края в г.Кудымкаре
Постоянное судебное присутствие Арбитражного суда Пермского края в г. Кудымкаре;Органы судебной власти РФ и СССР\Арбитражные суды субъектов Российской Федерации\ПСП Арбитражного суда Пермского края в г.Кудымкаре
Постоянное судебное присутствие АС Пермского края в г. Кудымкаре;Органы судебной власти РФ и СССР\Арбитражные суды субъектов Российской Федерации\ПСП Арбитражного суда Пермского края в г.Кудымкаре
Постоянное судебное присутствие Арбитражного суда Пермского края в городе Кудымкаре;Органы судебной власти РФ и СССР\Арбитражные суды субъектов Российской Федерации\ПСП Арбитражного суда Пермского края в г.Кудымкаре
Постоянное судебное присутствие АС Пермского края в городе Кудымкаре;Органы судебной власти РФ и СССР\Арбитражные суды субъектов Российской Федерации\ПСП Арбитражного суда Пермского края в г.Кудымкаре
01АП;Органы судебной власти РФ и СССР\Арбитражные апелляционные суды\Первый арбитражный апелляционный суд
02АП;Органы судебной власти РФ и СССР\Арбитражные апелляционные суды\Второй арбитражный апелляционный суд
03АП;Органы судебной власти РФ и СССР\Арбитражные апелляционные суды\Третий арбитражный апелляционный суд
04АП;Органы судебной власти РФ и СССР\Арбитражные апелляционные суды\Четвертый арбитражный апелляционный суд
05АП;Органы судебной власти РФ и СССР\Арбитражные апелляционные суды\Пятый арбитражный апелляционный суд
06АП;Органы судебной власти РФ и СССР\Арбитражные апелляционные суды\Шестой арбитражный апелляционный суд
07АП;Органы судебной власти РФ и СССР\Арбитражные апелляционные суды\Седьмой арбитражный апелляционный суд
08АП;Органы судебной власти РФ и СССР\Арбитражные апелляционные суды\Восьмой арбитражный апелляционный суд
09АП;Органы судебной власти РФ и СССР\Арбитражные апелляционные суды\Девятый арбитражный апелляционный суд
10АП;Органы судебной власти РФ и СССР\Арбитражные апелляционные суды\Десятый арбитражный апелляционный суд
11АП;Органы судебной власти РФ и СССР\Арбитражные апелляционные суды\Одиннадцатый арбитражный апелляционный суд
12АП;Органы судебной власти РФ и СССР\Арбитражные апелляционные суды\Двенадцатый арбитражный апелляционный суд
13АП;Органы судебной власти РФ и СССР\Арбитражные апелляционные суды\Тринадцатый арбитражный апелляционный суд
14АП;Органы судебной власти РФ и СССР\Арбитражные апелляционные суды\Четырнадцатый арбитражный апелляционный суд
15АП;Органы судебной власти РФ и СССР\Арбитражные апелляционные суды\Пятнадцатый арбитражный апелляционный суд
16АП;Органы судебной власти РФ и СССР\Арбитражные апелляционные суды\Шестнадцатый арбитражный апелляционный суд
17АП;Органы судебной власти РФ и СССР\Арбитражные апелляционные суды\Семнадцатый арбитражный апелляционный суд
18АП;Органы судебной власти РФ и СССР\Арбитражные апелляционные суды\Восемнадцатый арбитражный апелляционный суд
19АП;Органы судебной власти РФ и СССР\Арбитражные апелляционные суды\Девятнадцатый арбитражный апелляционный суд
20АП;Органы судебной власти РФ и СССР\Арбитражные апелляционные суды\Двадцатый арбитражный апелляционный суд
21АП;Органы судебной власти РФ и СССР\Арбитражные апелляционные суды\Двадцать первый арбитражный апелляционный суд
01 ААС;Органы судебной власти РФ и СССР\Арбитражные апелляционные суды\Первый арбитражный апелляционный суд
02 ААС;Органы судебной власти РФ и СССР\Арбитражные апелляционные суды\Второй арбитражный апелляционный суд
03 ААС;Органы судебной власти РФ и СССР\Арбитражные апелляционные суды\Третий арбитражный апелляционный суд
04 ААС;Органы судебной власти РФ и СССР\Арбитражные апелляционные суды\Четвертый арбитражный апелляционный суд
05 ААС;Органы судебной власти РФ и СССР\Арбитражные апелляционные суды\Пятый арбитражный апелляционный суд
06 ААС;Органы судебной власти РФ и СССР\Арбитражные апелляционные суды\Шестой арбитражный апелляционный суд
07 ААС;Органы судебной власти РФ и СССР\Арбитражные апелляционные суды\Седьмой арбитражный апелляционный суд
08 ААС;Органы судебной власти РФ и СССР\Арбитражные апелляционные суды\Восьмой арбитражный апелляционный суд
09 ААС;Органы судебной власти РФ и СССР\Арбитражные апелляционные суды\Девятый арбитражный апелляционный суд
1 ААС;Органы судебной власти РФ и СССР\Арбитражные апелляционные суды\Первый арбитражный апелляционный суд
2 ААС;Органы судебной власти РФ и СССР\Арбитражные апелляционные суды\Второй арбитражный апелляционный суд
3 ААС;Органы судебной власти РФ и СССР\Арбитражные апелляционные суды\Третий арбитражный апелляционный суд
4 ААС;Органы судебной власти РФ и СССР\Арбитражные апелляционные суды\Четвертый арбитражный апелляционный суд
5 ААС;Органы судебной власти РФ и СССР\Арбитражные апелляционные суды\Пятый арбитражный апелляционный суд
6 ААС;Органы судебной власти РФ и СССР\Арбитражные апелляционные суды\Шестой арбитражный апелляционный суд
7 ААС;Органы судебной власти РФ и СССР\Арбитражные апелляционные суды\Седьмой арбитражный апелляционный суд
8 ААС;Органы судебной власти РФ и СССР\Арбитражные апелляционные суды\Восьмой арбитражный апелляционный суд
9 ААС;Органы судебной власти РФ и СССР\Арбитражные апелляционные суды\Девятый арбитражный апелляционный суд
10 ААС;Органы судебной власти РФ и СССР\Арбитражные апелляционные суды\Десятый арбитражный апелляционный суд
11 ААС;Органы судебной власти РФ и СССР\Арбитражные апелляционные суды\Одиннадцатый арбитражный апелляционный суд
12 ААС;Органы судебной власти РФ и СССР\Арбитражные апелляционные суды\Двенадцатый арбитражный апелляционный суд
13 ААС;Органы судебной власти РФ и СССР\Арбитражные апелляционные суды\Тринадцатый арбитражный апелляционный суд
14 ААС;Органы судебной власти РФ и СССР\Арбитражные апелляционные суды\Четырнадцатый арбитражный апелляционный суд
15 ААС;Органы судебной власти РФ и СССР\Арбитражные апелляционные суды\Пятнадцатый арбитражный апелляционный суд
16 ААС;Органы судебной власти РФ и СССР\Арбитражные апелляционные суды\Шестнадцатый арбитражный апелляционный суд
17 ААС;Органы судебной власти РФ и СССР\Арбитражные апелляционные суды\Семнадцатый арбитражный апелляционный суд
18 ААС;Органы судебной власти РФ и СССР\Арбитражные апелляционные суды\Восемнадцатый арбитражный апелляционный суд
19 ААС;Органы судебной власти РФ и СССР\Арбитражные апелляционные суды\Девятнадцатый арбитражный апелляционный суд
20 ААС;Органы судебной власти РФ и СССР\Арбитражные апелляционные суды\Двадцатый арбитражный апелляционный суд
21 ААС;Органы судебной власти РФ и СССР\Арбитражные апелляционные суды\Двадцать первый арбитражный апелляционный суд
1 арбитражный апелляционный суд;Органы судебной власти РФ и СССР\Арбитражные апелляционные суды\Первый арбитражный апелляционный суд
2 арбитражный апелляционный суд;Органы судебной власти РФ и СССР\Арбитражные апелляционные суды\Второй арбитражный апелляционный суд
3 арбитражный апелляционный суд;Органы судебной власти РФ и СССР\Арбитражные апелляционные суды\Третий арбитражный апелляционный суд
4 арбитражный апелляционный суд;Органы судебной власти РФ и СССР\Арбитражные апелляционные суды\Четвертый арбитражный апелляционный суд
5 арбитражный апелляционный суд;Органы судебной власти РФ и СССР\Арбитражные апелляционные суды\Пятый арбитражный апелляционный суд
6 арбитражный апелляционный суд;Органы судебной власти РФ и СССР\Арбитражные апелляционные суды\Шестой арбитражный апелляционный суд
7 арбитражный апелляционный суд;Органы судебной власти РФ и СССР\Арбитражные апелляционные суды\Седьмой арбитражный апелляционный суд
8 арбитражный апелляционный суд;Органы судебной власти РФ и СССР\Арбитражные апелляционные суды\Восьмой арбитражный апелляционный суд
9 арбитражный апелляционный суд;Органы судебной власти РФ и СССР\Арбитражные апелляционные суды\Девятый арбитражный апелляционный суд
10 арбитражный апелляционный суд;Органы судебной власти РФ и СССР\Арбитражные апелляционные суды\Десятый арбитражный апелляционный суд
11 арбитражный апелляционный суд;Органы судебной власти РФ и СССР\Арбитражные апелляционные суды\Одиннадцатый арбитражный апелляционный суд
12 арбитражный апелляционный суд;Органы судебной власти РФ и СССР\Арбитражные апелляционные суды\Двенадцатый арбитражный апелляционный суд
13 арбитражный апелляционный суд;Органы судебной власти РФ и СССР\Арбитражные апелляционные суды\Тринадцатый арбитражный апелляционный суд
14 арбитражный апелляционный суд;Органы судебной власти РФ и СССР\Арбитражные апелляционные суды\Четырнадцатый арбитражный апелляционный суд
15 арбитражный апелляционный суд;Органы судебной власти РФ и СССР\Арбитражные апелляционные суды\Пятнадцатый арбитражный апелляционный суд
16 арбитражный апелляционный суд;Органы судебной власти РФ и СССР\Арбитражные апелляционные суды\Шестнадцатый арбитражный апелляционный суд
17 арбитражный апелляционный суд;Органы судебной власти РФ и СССР\Арбитражные апелляционные суды\Семнадцатый арбитражный апелляционный суд
18 арбитражный апелляционный суд;Органы судебной власти РФ и СССР\Арбитражные апелляционные суды\Восемнадцатый арбитражный апелляционный суд
19 арбитражный апелляционный суд;Органы судебной власти РФ и СССР\Арбитражные апелляционные суды\Девятнадцатый арбитражный апелляционный суд
20 арбитражный апелляционный суд;Органы судебной власти РФ и СССР\Арбитражные апелляционные суды\Двадцатый арбитражный апелляционный суд
21 арбитражный апелляционный суд;Органы судебной власти РФ и СССР\Арбитражные апелляционные суды\Двадцать первый арбитражный апелляционный суд
АРБИТРАЖНЫЙ СУД СВЕРДЛОВСКОЙ ОБЛАСТИ;Органы судебной власти РФ и СССР\Арбитражные суды субъектов Российской Федерации\Арбитражный суд Свердловской области
АС Санкт-Петербурга и Ленинградской обл.;Органы судебной власти РФ и СССР\Арбитражные суды субъектов Российской Федерации\Арбитражный суд г.Санкт-Петербурга и Ленинградской области
Арбитражный суд города Санкт-Петербурга и Ленинградской области;Органы судебной власти РФ и СССР\Арбитражные суды субъектов Российской Федерации\Арбитражный суд г.Санкт-Петербурга и Ленинградской области
Арбитражный суд Алтайского края;Органы судебной власти РФ и СССР\Арбитражные суды субъектов Российской Федерации\Арбитражный суд Алтайского края
Арбитражный суд Амурской области;Органы судебной власти РФ и СССР\Арбитражные суды субъектов Российской Федерации\Арбитражный суд Амурской области
Арбитражный суд Архангельской области;Органы судебной власти РФ и СССР\Арбитражные суды субъектов Российской Федерации\Арбитражный суд Архангельской области
Арбитражный суд Астраханской области;Органы судебной власти РФ и СССР\Арбитражные суды субъектов Российской Федерации\Арбитражный суд Астраханской области
Арбитражный суд Белгородской области;Органы судебной власти РФ и СССР\Арбитражные суды субъектов Российской Федерации\Арбитражный суд Белгородской области
Арбитражный суд Брянской области;Органы судебной власти РФ и СССР\Арбитражные суды субъектов Российской Федерации\Арбитражный суд Брянской области
Арбитражный суд Владимирской области;Органы судебной власти РФ и СССР\Арбитражные суды субъектов Российской Федерации\Арбитражный суд Владимирской области
Арбитражный суд Волгоградской области;Органы судебной власти РФ и СССР\Арбитражные суды субъектов Российской Федерации\Арбитражный суд Волгоградской области
Арбитражный суд Вологодской области;Органы судебной власти РФ и СССР\Арбитражные суды субъектов Российской Федерации\Арбитражный суд Вологодской области
Арбитражный суд Воронежской области;Органы судебной власти РФ и СССР\Арбитражные суды субъектов Российской Федерации\Арбитражный суд Воронежской области
Арбитражный суд города Москвы;Органы судебной власти РФ и СССР\Арбитражные суды субъектов Российской Федерации\Арбитражный суд г.Москвы
Арбитражный суд г. Москвы;Органы судебной власти РФ и СССР\Арбитражные суды субъектов Российской Федерации\Арбитражный суд г.Москвы
Арбитражный суд г.Москвы;Органы судебной власти РФ и СССР\Арбитражные суды субъектов Российской Федерации\Арбитражный суд г.Москвы
Арбитражный суд Еврейской автономной области;Органы судебной власти РФ и СССР\Арбитражные суды субъектов Российской Федерации\Арбитражный суд Еврейской автономной области
Арбитражный суд Забайкальского края;Органы судебной власти РФ и СССР\Арбитражные суды субъектов Российской Федерации\Арбитражный суд Забайкальского края
Арбитражный суд Ивановской области;Органы судебной власти РФ и СССР\Арбитражные суды субъектов Российской Федерации\Арбитражный суд Ивановской области
Арбитражный суд Иркутской области;Органы судебной власти РФ и СССР\Арбитражные суды субъектов Российской Федерации\Арбитражный суд Иркутской области
Арбитражный суд Кабардино-Балкарской Республики;Органы судебной власти РФ и СССР\Арбитражные суды субъектов Российской Федерации\Арбитражный суд Кабардино-Балкарской Республики
Арбитражный суд Калининградской области;Органы судебной власти РФ и СССР\Арбитражные суды субъектов Российской Федерации\Арбитражный суд Калининградской области
Арбитражный суд Калужской области;Органы судебной власти РФ и СССР\Арбитражные суды субъектов Российской Федерации\Арбитражный суд Калужской области
Арбитражный суд Камчатского края;Органы судебной власти РФ и СССР\Арбитражные суды субъектов Российской Федерации\Арбитражный суд Камчатского края
Арбитражный суд Карачаево-Черкесской Республики;Органы судебной власти РФ и СССР\Арбитражные суды субъектов Российской Федерации\Арбитражный суд Карачаево-Черкесской Республики
Арбитражный суд Кемеровской области;Органы судебной власти РФ и СССР\Арбитражные суды субъектов Российской Федерации\Арбитражный суд Кемеровской области
Арбитражный суд Кировской области;Органы судебной власти РФ и СССР\Арбитражные суды субъектов Российской Федерации\Арбитражный суд Кировской области
Арбитражный суд Костромской области;Органы судебной власти РФ и СССР\Арбитражные суды субъектов Российской Федерации\Арбитражный суд Костромской области
Арбитражный суд Краснодарского края;Органы судебной власти РФ и СССР\Арбитражные суды субъектов Российской Федерации\Арбитражный суд Краснодарского края
Арбитражный суд Красноярского края;Органы судебной власти РФ и СССР\Арбитражные суды субъектов Российской Федерации\Арбитражный суд Красноярского края
Арбитражный суд Курганской области;Органы судебной власти РФ и СССР\Арбитражные суды субъектов Российской Федерации\Арбитражный суд Курганской области
Арбитражный суд Курской области;Органы судебной власти РФ и СССР\Арбитражные суды субъектов Российской Федерации\Арбитражный суд Курской области
Арбитражный суд Липецкой области;Органы судебной власти РФ и СССР\Арбитражные суды субъектов Российской Федерации\Арбитражный суд Липецкой области
Арбитражный суд Магаданской области;Органы судебной власти РФ и СССР\Арбитражные суды субъектов Российской Федерации\Арбитражный суд Магаданской области
Арбитражный суд Московской области;Органы судебной власти РФ и СССР\Арбитражные суды субъектов Российской Федерации\Арбитражный суд Московской области
Арбитражный суд Мурманской области;Органы судебной власти РФ и СССР\Арбитражные суды субъектов Российской Федерации\Арбитражный суд Мурманской области
Арбитражный суд Нижегородской области;Органы судебной власти РФ и СССР\Арбитражные суды субъектов Российской Федерации\Арбитражный суд Нижегородской области
Арбитражный суд Новгородской области;Органы судебной власти РФ и СССР\Арбитражные суды субъектов Российской Федерации\Арбитражный суд Новгородской области
Арбитражный суд Новосибирской области;Органы судебной власти РФ и СССР\Арбитражные суды субъектов Российской Федерации\Арбитражный суд Новосибирской области
Арбитражный суд Омской области;Органы судебной власти РФ и СССР\Арбитражные суды субъектов Российской Федерации\Арбитражный суд Омской области
Арбитражный суд Оренбургской области;Органы судебной власти РФ и СССР\Арбитражные суды субъектов Российской Федерации\Арбитражный суд Оренбургской области
Арбитражный суд Орловской области;Органы судебной власти РФ и СССР\Арбитражные суды субъектов Российской Федерации\Арбитражный суд Орловской области
Арбитражный суд Пензенской области;Органы судебной власти РФ и СССР\Арбитражные суды субъектов Российской Федерации\Арбитражный суд Пензенской области
Арбитражный суд Пермского края;Органы судебной власти РФ и СССР\Арбитражные суды субъектов Российской Федерации\Арбитражный суд Пермского края
Арбитражный суд Приморского края;Органы судебной власти РФ и СССР\Арбитражные суды субъектов Российской Федерации\Арбитражный суд Приморского края
Арбитражный суд Псковской области;Органы судебной власти РФ и СССР\Арбитражные суды субъектов Российской Федерации\Арбитражный суд Псковской области
Арбитражный суд Республики Адыгея;Органы судебной власти РФ и СССР\Арбитражные суды субъектов Российской Федерации\Арбитражный суд Республики Адыгея
Арбитражный суд Республики Алтай;Органы судебной власти РФ и СССР\Арбитражные суды субъектов Российской Федерации\Арбитражный суд Республики Алтай
Арбитражный суд Республики Башкортостан;Органы судебной власти РФ и СССР\Арбитражные суды субъектов Российской Федерации\Арбитражный суд Республики Башкортостан
Арбитражный суд Республики Бурятия;Органы судебной власти РФ и СССР\Арбитражные суды субъектов Российской Федерации\Арбитражный суд Республики Бурятия
Арбитражный суд Республики Дагестан;Органы судебной власти РФ и СССР\Арбитражные суды субъектов Российской Федерации\Арбитражный суд Республики Дагестан
Арбитражный суд Республики Ингушетия;Органы судебной власти РФ и СССР\Арбитражные суды субъектов Российской Федерации\Арбитражный суд Республики Ингушетия
Арбитражный суд Республики Калмыкия;Органы судебной власти РФ и СССР\Арбитражные суды субъектов Российской Федерации\Арбитражный суд Республики Калмыкия
Арбитражный суд Республики Карелия;Органы судебной власти РФ и СССР\Арбитражные суды субъектов Российской Федерации\Арбитражный суд Республики Карелия
Арбитражный суд Республики Коми;Органы судебной власти РФ и СССР\Арбитражные суды субъектов Российской Федерации\Арбитражный суд Республики Коми
Арбитражный суд Республики Марий Эл;Органы судебной власти РФ и СССР\Арбитражные суды субъектов Российской Федерации\Арбитражный суд Республики Марий Эл
Арбитражный суд Республики Мордовия;Органы судебной власти РФ и СССР\Арбитражные суды субъектов Российской Федерации\Арбитражный суд Республики Мордовия
Арбитражный суд Республики Саха (Якутия);Органы судебной власти РФ и СССР\Арбитражные суды субъектов Российской Федерации\Арбитражный суд Республики Саха (Якутия)
Арбитражный суд Республики Саха;Органы судебной власти РФ и СССР\Арбитражные суды субъектов Российской Федерации\Арбитражный суд Республики Саха (Якутия)
Арбитражный суд Республики Северная Осетия-Алания;Органы судебной власти РФ и СССР\Арбитражные суды субъектов Российской Федерации\Арбитражный суд Республики Северная Осетия - Алания
Арбитражный суд Республики Северная Осетия;Органы судебной власти РФ и СССР\Арбитражные суды субъектов Российской Федерации\Арбитражный суд Республики Северная Осетия - Алания
Арбитражный суд Республики Татарстан;Органы судебной власти РФ и СССР\Арбитражные суды субъектов Российской Федерации\Арбитражный суд Республики Татарстан
Арбитражный суд Республики Тыва;Органы судебной власти РФ и СССР\Арбитражные суды субъектов Российской Федерации\Арбитражный суд Республики Тыва
Арбитражный суд Республики Хакасия;Органы судебной власти РФ и СССР\Арбитражные суды субъектов Российской Федерации\Арбитражный суд Республики Хакасия
Арбитражный суд Ростовской области;Органы судебной власти РФ и СССР\Арбитражные суды субъектов Российской Федерации\Арбитражный суд Ростовской области
Арбитражный суд Рязанской области;Органы судебной власти РФ и СССР\Арбитражные суды субъектов Российской Федерации\Арбитражный суд Рязанской области
Арбитражный суд Самарской области;Органы судебной власти РФ и СССР\Арбитражные суды субъектов Российской Федерации\Арбитражный суд Самарской области
Арбитражный суд Санкт-Петербурга и Ленинградской области;Органы судебной власти РФ и СССР\Арбитражные суды субъектов Российской Федерации\Арбитражный суд г.Санкт-Петербурга и Ленинградской области
Арбитражный суд города Санкт-Петербурга и Ленинградской области;Органы судебной власти РФ и СССР\Арбитражные суды субъектов Российской Федерации\Арбитражный суд г.Санкт-Петербурга и Ленинградской области
Арбитражный суд г. Санкт-Петербурга и Ленинградской области;Органы судебной власти РФ и СССР\Арбитражные суды субъектов Российской Федерации\Арбитражный суд г.Санкт-Петербурга и Ленинградской области
Арбитражный суд г.Санкт-Петербурга и Ленинградской области;Органы судебной власти РФ и СССР\Арбитражные суды субъектов Российской Федерации\Арбитражный суд г.Санкт-Петербурга и Ленинградской области
Арбитражный суд Саратовской области;Органы судебной власти РФ и СССР\Арбитражные суды субъектов Российской Федерации\Арбитражный суд Саратовской области
Арбитражный суд Сахалинской области;Органы судебной власти РФ и СССР\Арбитражные суды субъектов Российской Федерации\Арбитражный суд Сахалинской области
Арбитражный суд Свердловской области;Органы судебной власти РФ и СССР\Арбитражные суды субъектов Российской Федерации\Арбитражный суд Свердловской области
Арбитражный суд Смоленской области;Органы судебной власти РФ и СССР\Арбитражные суды субъектов Российской Федерации\Арбитражный суд Смоленской области
Арбитражный суд Ставропольского края;Органы судебной власти РФ и СССР\Арбитражные суды субъектов Российской Федерации\Арбитражный суд Ставропольского края
Арбитражный суд Тамбовской области;Органы судебной власти РФ и СССР\Арбитражные суды субъектов Российской Федерации\Арбитражный суд Тамбовской области
Арбитражный суд Тверской области;Органы судебной власти РФ и СССР\Арбитражные суды субъектов Российской Федерации\Арбитражный суд Тверской области
Арбитражный суд Томской области;Органы судебной власти РФ и СССР\Арбитражные суды субъектов Российской Федерации\Арбитражный суд Томской области
Арбитражный суд Тульской области;Органы судебной власти РФ и СССР\Арбитражные суды субъектов Российской Федерации\Арбитражный суд Тульской области
Арбитражный суд Тюменской области;Органы судебной власти РФ и СССР\Арбитражные суды субъектов Российской Федерации\Арбитражный суд Тюменской области
Арбитражный суд Удмуртской Республики;Органы судебной власти РФ и СССР\Арбитражные суды субъектов Российской Федерации\Арбитражный суд Удмуртской Республики
Арбитражный суд Ульяновской области;Органы судебной власти РФ и СССР\Арбитражные суды субъектов Российской Федерации\Арбитражный суд Ульяновской области
Арбитражный суд Хабаровского края;Органы судебной власти РФ и СССР\Арбитражные суды субъектов Российской Федерации\Арбитражный суд Хабаровского края
Арбитражный суд Ханты-Мансийского автономного округа - Югры;Органы судебной власти РФ и СССР\Арбитражные суды субъектов Российской Федерации\Арбитражный суд Ханты-Мансийского автономного округа - Югры
Арбитражный суд Ханты-Мансийского автономного округа;Органы судебной власти РФ и СССР\Арбитражные суды субъектов Российской Федерации\Арбитражный суд Ханты-Мансийского автономного округа - Югры
Арбитражный суд Ханты-Мансийского АО;Органы судебной власти РФ и СССР\Арбитражные суды субъектов Российской Федерации\Арбитражный суд Ханты-Мансийского автономного округа - Югры
Арбитражный суд Челябинской области;Органы судебной власти РФ и СССР\Арбитражные суды субъектов Российской Федерации\Арбитражный суд Челябинской области
Арбитражный суд Чеченской Республики;Органы судебной власти РФ и СССР\Арбитражные суды субъектов Российской Федерации\Арбитражный суд Чеченской Республики
Арбитражный суд Читинской области;Органы судебной власти РФ и СССР\Арбитражные суды субъектов Российской Федерации\Арбитражный суд Читинской области
Арбитражный суд Чувашской Республики - Чувашии;Органы судебной власти РФ и СССР\Арбитражные суды субъектов Российской Федерации\Арбитражный суд Чувашской Республики - Чувашии
Арбитражный суд Чувашской Республики;Органы судебной власти РФ и СССР\Арбитражные суды субъектов Российской Федерации\Арбитражный суд Чувашской Республики - Чувашии
Арбитражный суд Чувашии;Органы судебной власти РФ и СССР\Арбитражные суды субъектов Российской Федерации\Арбитражный суд Чувашской Республики - Чувашии
Арбитражный суд Чукотского автономного округа;Органы судебной власти РФ и СССР\Арбитражные суды субъектов Российской Федерации\Арбитражный суд Чукотского автономного округа
Арбитражный суд Чукотского АО;Органы судебной власти РФ и СССР\Арбитражные суды субъектов Российской Федерации\Арбитражный суд Чукотского автономного округа
Арбитражный суд Ямало-Ненецкого автономного округа;Органы судебной власти РФ и СССР\Арбитражные суды субъектов Российской Федерации\Арбитражный суд Ямало-Ненецкого автономного округа
Арбитражный суд Ямало-Ненецкого АО;Органы судебной власти РФ и СССР\Арбитражные суды субъектов Российской Федерации\Арбитражный суд Ямало-Ненецкого автономного округа
Арбитражный суд Ярославской области;Органы судебной власти РФ и СССР\Арбитражные суды субъектов Российской Федерации\Арбитражный суд Ярославской области
Арбитражный суд Свердловской области;Органы судебной власти РФ и СССР\Арбитражные суды субъектов Российской Федерации\Арбитражный суд Свердловской области
Арбитражный суд г.Севастополя;Органы судебной власти РФ и СССР\Арбитражные суды субъектов Российской Федерации\Арбитражный суд г.Севастополя
АС г.Севастополя;Органы судебной власти РФ и СССР\Арбитражные суды субъектов Российской Федерации\Арбитражный суд г.Севастополя
Арбитражный суд г. Севастополя;Органы судебной власти РФ и СССР\Арбитражные суды субъектов Российской Федерации\Арбитражный суд г.Севастополя
АС г. Севастополя;Органы судебной власти РФ и СССР\Арбитражные суды субъектов Российской Федерации\Арбитражный суд г.Севастополя
Арбитражный суд Республики Крым;Органы судебной власти РФ и СССР\Арбитражные суды субъектов Российской Федерации\Арбитражный суд Республики Крым
АС Республики Крым;Органы судебной власти РФ и СССР\Арбитражные суды субъектов Российской Федерации\Арбитражный суд Республики Крым
Хозяйственный суд Республики Крым;Органы судебной власти РФ и СССР\Арбитражные суды субъектов Российской Федерации\Хозяйственный суд Республики Крым
ХС Республики Крым;Органы судебной власти РФ и СССР\Арбитражные суды субъектов Российской Федерации\Хозяйственный суд Республики Крым